{
  "@build": {
    "@nodes": ["graph", "content", "@keys"],
    "@edges": {
      "@source": ["graph", "content", "@forkeys", "@target"],
      "@target": ["graph", "content", "@forvals", "@node"]
    }
  },
  "graph":{
    "implementation":"ListGraph",
    "directed":"False",
    "content":{
      "5":{
      },
      "8":{
        "0":0.670000,
        "4":0.870000,
        "9":0.140000
      },
      "2":{
        "4":0.500000,
        "1":0.450000
      },
      "1":{
        "2":0.450000
      },
      "0":{
        "8":0.670000,
        "4":0.180000,
        "9":0.640000
      },
      "4":{
        "2":0.500000,
        "0":0.180000,
        "8":0.870000
      },
      "9":{
        "0":0.640000,
        "8":0.140000
      }
    }
  }

}